{"name":"Cyber Yolks","short_name":"CyberYolks","description":"Survive. Hit the NEXT enemy.","id":"./","start_url":"/Cyber-Blobs/","scope":"/Cyber-Blobs/","display":"standalone","display_override":["standalone"],"background_color":"#000000","theme_color":"#000000","orientation":"portrait","lang":"en","icons":[{"src":"icons/icon.svg","sizes":"any","type":"image/svg+xml","purpose":"any"},{"src":"icons/icon.svg","sizes":"any","type":"image/svg+xml","purpose":"maskable"},{"src":"assets/cyberyolks_icon_192.png","sizes":"192x192","type":"image/png","purpose":"any"},{"src":"assets/cyberyolks_icon_512.png","sizes":"512x512","type":"image/png","purpose":"any"},{"src":"assets/cyberyolks_icon_512.png","sizes":"512x512","type":"image/png","purpose":"maskable"}]}